{
  "experiment_type": "treatment_group",
  "personalization": true,
  "generation_model": "google/gemma-3-27b-it",
  "evaluation_method": "LLM-as-Judge (6-Dimension Rubric)",
  "timestamp": "2026-03-31T20:21:22.014Z",
  "total_entries": 44,
  "successful_entries": 44,
  "failed_entries": 0,
  "metrics": {
    "totalEntries": 44,
    "avgWordCount": 182.8409090909091,
    "minWordCount": 66,
    "maxWordCount": 320,
    "avgOverallScore": 4.081818181818181,
    "avgInstructionalQuality": 3.727272727272727,
    "avgSpecificity": 3.9545454545454546,
    "avgClarity": 3.8863636363636362,
    "avgMotivationalTone": 4.590909090909091,
    "avgLevelSuitability": 4.25,
    "avgCognitiveAlignment": 4.371212121212121,
    "avgModalityAlignment": 4.795454545454546,
    "avgStructureAlignment": 4.4772727272727275,
    "avgTempoAlignment": 3.840909090909091,
    "byLevel": {
      "1": {
        "avgWords": 88.72727272727273,
        "avgOverallScore": 4.236363636363636,
        "avgCognitiveAlignment": 4.09090909090909,
        "avgLevelSuitability": 4.454545454545454,
        "count": 11
      },
      "3": {
        "avgWords": 100.45454545454545,
        "avgOverallScore": 3.9454545454545458,
        "avgCognitiveAlignment": 3.727272727272728,
        "avgLevelSuitability": 4.181818181818182,
        "count": 11
      },
      "5": {
        "avgWords": 278.45454545454544,
        "avgOverallScore": 4.072727272727273,
        "avgCognitiveAlignment": 4.96969696969697,
        "avgLevelSuitability": 4.2727272727272725,
        "count": 11
      },
      "6": {
        "avgWords": 263.72727272727275,
        "avgOverallScore": 4.072727272727273,
        "avgCognitiveAlignment": 4.696969696969696,
        "avgLevelSuitability": 4.090909090909091,
        "count": 11
      }
    },
    "byTempo": {
      "I": {
        "avgWords": 94.5909090909091,
        "avgScore": 4.09090909090909,
        "avgTempoAlignment": 2.727272727272727
      },
      "R": {
        "avgWords": 271.09090909090907,
        "avgScore": 4.072727272727272,
        "avgTempoAlignment": 4.954545454545454
      }
    }
  },
  "description": "Personalized feedback with full profile awareness and explicit personalization instructions - Treatment group for research"
}